,state,act_participation_17,act_english_17,act_math_17,act_reading_17,act_science_17,act_composite_17,sat_participation_17,sat_ebrw_17,sat_math_17,sat_total_17
0,Alabama,1.0,18.9,18.4,19.7,19.4,0.192,0.05,593,572,1165
1,Alaska,0.65,18.7,19.8,20.4,19.9,0.198,0.38,547,533,1080
2,Arizona,0.62,18.6,19.8,20.1,19.8,0.19699999999999998,0.3,563,553,1116
3,Arkansas,1.0,18.9,19.0,19.7,19.5,0.19399999999999998,0.03,614,594,1208
4,California,0.31,22.5,22.7,23.1,22.2,0.228,0.53,531,594,1055
5,Colorado,1.0,20.1,20.3,21.2,20.9,0.20800000000000002,0.11,606,595,1201
6,Connecticut,0.31,25.5,24.6,25.6,24.6,0.252,1.0,530,512,1041
7,Delaware,0.18,24.1,23.4,24.8,23.6,0.24100000000000002,1.0,503,492,996
8,District of Columbia,0.32,24.4,23.5,24.9,23.5,0.242,1.0,482,468,950
9,Florida,0.73,19.0,19.4,21.0,19.4,0.198,0.83,520,497,1017
10,Georgia,0.55,21.0,20.9,22.0,21.3,0.214,0.61,535,515,1050
11,Hawaii,0.9,17.8,19.2,19.2,19.3,0.19,0.55,544,541,1085
12,Idaho,0.38,21.9,21.8,23.0,22.1,0.223,0.93,513,493,1005
13,Illinois,0.93,21.0,21.2,21.6,21.3,0.214,0.09,559,556,1115
14,Indiana,0.35,22.0,22.4,23.2,22.3,0.226,0.63,542,532,1074
15,Iowa,0.67,21.2,21.3,22.6,22.1,0.21899999999999997,0.02,641,635,1275
16,Kansas,0.73,21.1,21.3,22.3,21.7,0.217,0.04,632,628,1260
17,Kentucky,1.0,19.6,19.4,20.5,20.1,0.2,0.04,631,616,1247
18,Louisiana,1.0,19.4,18.8,19.8,19.6,0.195,0.04,611,586,1198
19,Maine,0.08,24.2,24.0,24.8,23.7,0.243,0.95,513,499,1012
20,Maryland,0.28,23.3,23.1,24.2,2.3,0.23600000000000002,0.69,536,499,1060
21,Massachusetts,0.29,25.4,25.3,25.9,24.7,0.254,0.76,555,551,1107
22,Michigan,0.29,24.1,23.7,24.5,23.8,0.24100000000000002,1.0,509,495,1005
23,Minnesota,1.0,20.4,21.5,21.8,21.6,0.215,0.03,644,651,1295
24,Mississippi,1.0,18.2,18.1,18.8,18.8,0.18600000000000003,0.02,634,607,1242
25,Missouri,1.0,19.8,19.9,20.8,20.5,0.204,0.03,640,631,1271
26,Montana,1.0,19.0,20.2,21.0,20.5,0.203,0.1,605,591,1196
27,Nebraska,0.84,20.9,20.9,21.9,21.5,0.214,0.03,629,625,1253
28,Nevada,1.0,16.3,18.0,18.1,18.2,0.17800000000000002,0.26,563,553,1116
29,New Hampshire,0.18,25.4,25.1,26.0,24.9,0.255,0.96,532,520,1052
30,New Jersey,0.34,23.8,23.8,24.1,23.2,0.239,0.7,530,526,1056
31,New Mexico,0.66,18.6,19.4,20.4,20.0,0.19699999999999998,0.11,577,561,1138
32,New York,0.31,23.8,24.0,24.6,23.9,0.242,0.67,528,523,1052
33,North Carolina,1.0,17.8,19.3,19.6,19.3,0.191,0.49,546,535,1081
34,North Dakota,0.98,19.0,20.4,20.5,20.6,0.203,0.02,635,621,1256
35,Ohio,0.75,21.2,21.6,22.5,22.0,0.22,0.12,578,570,1149
36,Oklahoma,1.0,18.5,18.8,20.1,19.6,0.19399999999999998,0.07,530,517,1047
37,Oregon,0.4,21.2,21.5,22.4,21.7,0.218,0.43,560,548,1108
38,Pennsylvania,0.23,23.4,23.4,24.2,23.3,0.237,0.65,540,531,1071
39,Rhode Island,0.21,24.0,23.3,24.7,23.4,0.24,0.71,539,531,1062
40,South Carolina,1.0,17.5,18.6,19.1,18.9,0.187,0.5,543,521,1064
41,South Dakota,0.8,20.7,21.5,22.3,22.0,0.218,0.03,612,603,1216
42,Tennessee,1.0,19.5,19.2,20.1,19.9,0.198,0.05,623,604,1228
43,Texas,0.45,19.5,20.7,21.1,20.9,0.207,0.62,513,507,1020
44,Utah,1.0,19.5,19.9,20.8,20.6,0.203,0.03,624,614,1238
45,Vermont,0.29,23.3,23.1,24.4,23.2,0.23600000000000002,0.6,562,551,1114
46,Virginia,0.29,23.5,23.3,24.6,23.5,0.23800000000000002,0.65,561,541,1102
47,Washington,0.29,20.9,21.9,22.1,22.0,0.21899999999999997,0.64,541,534,1075
48,West Virginia,0.69,20.0,19.4,21.2,20.5,0.204,0.14,558,528,1086
49,Wisconsin,1.0,19.7,20.4,20.6,20.9,0.205,0.03,642,649,1291
50,Wyoming,1.0,19.4,19.8,20.8,20.6,0.20199999999999999,0.03,626,604,1230
